{
	"name": "World 1",
	"width": 32,
	"height": 10,
	"background-color": [130, 182, 255],
	"background-img": "assets/backgrounds/mountains.png",
	"background-position": "top",
	"background-repeat-x": 1,
	"background-fill-y": 1,
	"scenery-img": "assets/backgrounds/scenery.png",
	"scenery-position": "bottom",
	"scenery-repeat-x": 1,
	"scenery-fill-y": 1,
	"music": "assets/sounds/Super Mario Bros Official Theme Song.mp3",
	"start": [4, 8],
	"gravity": 1.0,
	"terminal-velocity": 32,
	"blocks": [[0, 9, "TM"], [-9,0 , "TM"], [1, 9, "TM"], [2, 9, "TM"], [3, 9, "TM"], [4, 9, "TM"],
						 [5, 9, "TM"], [6, 9, "TM"], [7, 9, "TM"], [8, 9, "TM"], [9, 9, "TM"],
						 [10, 9, "TM"], [11, 9, "TM"], [12, 9, "TM"], [13, 9, "TM"], [14, 9, "TM"],
						 [15, 9, "TM"], [16, 9, "TM"], [17, 9, "TM"], [18, 9, "TM"], [19, 9, "TM"],
						 [20, 9, "TM"], [21, 9, "TM"], [22, 9, "TM"], [23, 9, "TM"], [24, 9, "TM"],
					 	 [25, 9, "TM"], [26, 9, "TM"], [27, 9, "TM"], [28, 9, "TM"], [29, 9, "TM"],
						 [30, 9, "TM"], [31, 9, "TM"]

],
	"bears": [[8, 4], [13, 8]],
	"monsters": [[18, 2]],
    "coins": [],
	"oneups": [],
	"hearts": [],
	"flag": [[30, 5], [30, 6], [30, 7], [30, 8]]
}
